series,batch,slices,fwd_adj_ms,peak_GB
multislice,1,1,0.9310200111940503,0.002950144
"ISS, parallel",1,1,1.2533508008345962,0.005047296
"ISS, double scattering",1,1,1.2551146908663213,0.005374464
"ISS, triple scattering",1,1,1.2392819044180214,0.005374464
"ISS, quadruple scattering",1,1,1.268804701976478,0.005374464
"ISS, low memory (chunk 1)",1,1,1.4192097005434334,0.007013376
"ISS, low memory (chunk 4)",1,1,1.376408094074577,0.007013376
ISS + line search,1,1,3.635781293269247,0.00878336
ISS + line search (low mem),1,1,3.1638763030059636,0.015074816
multislice,1,2,1.2705517001450062,0.003867648
"ISS, parallel",1,2,1.2449108995497227,0.0092416
"ISS, double scattering",1,2,1.8573208944872022,0.009503744
"ISS, triple scattering",1,2,1.8514689058065414,0.009503744
"ISS, quadruple scattering",1,2,1.873550796881318,0.009503744
"ISS, low memory (chunk 1)",1,2,2.0750564988702536,0.00793088
"ISS, low memory (chunk 4)",1,2,1.3798729982227087,0.011600896
ISS + line search,1,2,3.776863298844546,0.012584448
ISS + line search (low mem),1,2,3.143950493540615,0.018089472
multislice,1,4,1.8993076984770596,0.005702656
"ISS, parallel",1,4,1.2326520052738488,0.017630208
"ISS, double scattering",1,4,1.8756128032691777,0.01953024
"ISS, triple scattering",1,4,2.4414949933998287,0.019923968
"ISS, quadruple scattering",1,4,3.0008674948476255,0.019923968
"ISS, low memory (chunk 1)",1,4,3.284694498870522,0.009765888
"ISS, low memory (chunk 4)",1,4,1.4018708025105298,0.020775936
ISS + line search,1,4,3.631503297947347,0.020186624
ISS + line search (low mem),1,4,3.157926397398114,0.027067392
multislice,1,8,3.3321173046715558,0.009372672
"ISS, parallel",1,8,1.2575458036735654,0.034407424
"ISS, double scattering",1,8,1.8585308105684817,0.039977472
"ISS, triple scattering",1,8,2.424690208863467,0.043516928
"ISS, quadruple scattering",1,8,3.0445560929365456,0.04561408
"ISS, low memory (chunk 1)",1,8,5.738319607917219,0.013567488
"ISS, low memory (chunk 4)",1,8,2.046519599389285,0.024445952
ISS + line search,1,8,3.646212292369455,0.035390976
ISS + line search (low mem),1,8,4.034352698363364,0.032048128
multislice,1,16,5.722253699786961,0.019465216
"ISS, parallel",1,16,1.2548108003102243,0.067961856
"ISS, double scattering",1,16,1.8599717994220555,0.083362304
"ISS, triple scattering",1,16,2.4506860063411295,0.09096448
"ISS, quadruple scattering",1,16,3.004698408767581,0.09751808
"ISS, low memory (chunk 1)",1,16,10.735194000881165,0.02595328
"ISS, low memory (chunk 4)",1,16,3.3013665000908077,0.031785984
ISS + line search,1,16,3.650879196356982,0.066651136
ISS + line search (low mem),1,16,5.697621894069016,0.043646976
multislice,1,32,10.72118409210816,0.040436736
"ISS, parallel",1,32,1.2753467075526714,0.13507072
"ISS, double scattering",1,32,1.881586795207113,0.16502016
"ISS, triple scattering",1,32,2.6531148003414273,0.18533632
"ISS, quadruple scattering",1,32,3.4897911944426596,0.203555328
"ISS, low memory (chunk 1)",1,32,20.39898200891912,0.051119616
"ISS, low memory (chunk 4)",1,32,5.774799408391118,0.051119616
ISS + line search,1,32,3.689186996780336,0.131662848
ISS + line search (low mem),1,32,8.531730400864035,0.076152832
multislice,1,64,20.82669319352135,0.082379776
"ISS, parallel",1,64,1.6754300915636122,0.269288448
"ISS, double scattering",1,64,3.6451372085139155,0.328598016
"ISS, triple scattering",1,64,5.552906694356352,0.37408
"ISS, quadruple scattering",1,64,7.453942496795207,0.417464832
"ISS, low memory (chunk 1)",1,64,39.93509759893641,0.1014528
"ISS, low memory (chunk 4)",1,64,10.701837192755193,0.1014528
ISS + line search,1,64,4.71016630763188,0.261686272
ISS + line search (low mem),1,64,14.554153091739863,0.143261696
multislice,16,1,0.946180906612426,0.047186944
"ISS, parallel",16,1,1.2689027935266495,0.050070528
"ISS, double scattering",16,1,1.3169712969101965,0.062390784
"ISS, triple scattering",16,1,1.3093985035084188,0.062390784
"ISS, quadruple scattering",16,1,1.294834609143436,0.062390784
"ISS, low memory (chunk 1)",16,1,1.4085759059526026,0.098436096
"ISS, low memory (chunk 4)",16,1,1.405517803505063,0.098436096
ISS + line search,16,1,3.706551797222346,0.09778176
ISS + line search (low mem),16,1,3.232576895970851,0.170395136
multislice,16,2,1.2760296929627657,0.061867008
"ISS, parallel",16,2,1.280224707443267,0.092537856
"ISS, double scattering",16,2,1.9196485984139144,0.11770368
"ISS, triple scattering",16,2,1.9094335031695664,0.11770368
"ISS, quadruple scattering",16,2,1.8861407996155322,0.11770368
"ISS, low memory (chunk 1)",16,2,2.0488006994128227,0.10131968
"ISS, low memory (chunk 4)",16,2,1.3923938968218863,0.159122432
ISS + line search,16,2,3.788998397067189,0.115869184
ISS + line search (low mem),16,2,3.2096661045216024,0.196609536
multislice,16,4,1.9084785948507488,0.091227136
"ISS, parallel",16,4,1.289471599739045,0.181142528
"ISS, double scattering",16,4,2.7654699981212616,0.248644096
"ISS, triple scattering",16,4,3.806358203291893,0.248644096
"ISS, quadruple scattering",16,4,4.400943301152438,0.248644096
"ISS, low memory (chunk 1)",16,4,3.286267491057515,0.108135424
"ISS, low memory (chunk 4)",16,4,1.580035698134452,0.278397952
ISS + line search,16,4,3.7605924997478724,0.187434496
ISS + line search (low mem),16,4,3.8134291069582105,0.284689408
multislice,16,8,3.1556515023112297,0.149947392
"ISS, parallel",16,8,2.0096988999284804,0.360449024
"ISS, double scattering",16,8,5.341242195572704,0.519700992
"ISS, triple scattering",16,8,8.284209994599223,0.569119744
"ISS, quadruple scattering",16,8,10.762453800998628,0.581702144
"ISS, low memory (chunk 1)",16,8,5.681882903445512,0.123470848
"ISS, low memory (chunk 4)",16,8,2.9273369000293314,0.288883712
ISS + line search,16,8,4.771404899656773,0.35625472
ISS + line search (low mem),16,8,5.800995195750147,0.317195264
multislice,16,16,6.165197899099439,0.311428096
"ISS, parallel",16,16,3.7708605057559907,0.719062016
"ISS, double scattering",16,16,10.430192993953824,1.063911936
"ISS, triple scattering",16,16,16.706003190483898,1.212951552
"ISS, quadruple scattering",16,16,22.545885003637522,1.326197248
"ISS, low memory (chunk 1)",16,16,10.740686999633908,0.163316736
"ISS, low memory (chunk 4)",16,16,5.642439203802496,0.311952384
ISS + line search,16,16,7.545219804160297,0.698090496
ISS + line search (low mem),16,16,9.726108494214714,0.357041152
multislice,16,32,14.769134798552841,0.646972416
"ISS, parallel",16,32,7.199632097035646,1.436288
"ISS, double scattering",16,32,20.56250791065395,2.152464896
"ISS, triple scattering",16,32,33.503563702106476,2.500615168
"ISS, quadruple scattering",16,32,46.03718710131943,2.815187456
"ISS, low memory (chunk 1)",16,32,20.303404796868563,0.243008512
"ISS, low memory (chunk 4)",16,32,11.078987806104124,0.358089728
ISS + line search,16,32,13.226085796486586,1.381762048
ISS + line search (low mem),16,32,17.683528794441372,0.436732928
multislice,16,64,39.37131559941918,1.318061056
"ISS, parallel",16,64,14.61122379405424,2.870739968
"ISS, double scattering",16,64,42.25815489189699,4.329308672
"ISS, triple scattering",16,64,69.40826299833134,5.0759424
"ISS, quadruple scattering",16,64,96.11601829528809,5.793167872
"ISS, low memory (chunk 1)",16,64,39.552090608049184,0.402392064
"ISS, low memory (chunk 4)",16,64,22.01776570873335,0.496763904
ISS + line search,16,64,25.958084990270436,2.749105152
ISS + line search (low mem),16,64,33.86531269643456,0.669516288
multislice,32,1,0.9392259060405195,0.094372864
"ISS, parallel",32,1,1.29906649235636,0.0993536
"ISS, double scattering",32,1,1.3208414078690112,0.123208192
"ISS, triple scattering",32,1,1.3337352080270648,0.123208192
"ISS, quadruple scattering",32,1,1.3087295927107334,0.123208192
"ISS, low memory (chunk 1)",32,1,1.4169236994348466,0.195953664
"ISS, low memory (chunk 4)",32,1,1.4060628018341959,0.195953664
ISS + line search,32,1,3.870207699947059,0.193202176
ISS + line search (low mem),32,1,3.6493032006546855,0.336070144
multislice,32,2,1.358826202340424,0.123732992
"ISS, parallel",32,2,1.3210405013523996,0.181142528
"ISS, double scattering",32,2,2.5416065007448196,0.231474176
"ISS, triple scattering",32,2,2.5584853952750564,0.231474176
"ISS, quadruple scattering",32,2,2.540645399130881,0.231474176
"ISS, low memory (chunk 1)",32,2,2.071225503459573,0.201458688
"ISS, low memory (chunk 4)",32,2,1.7902323044836521,0.314835968
ISS + line search,32,2,4.101759206969291,0.224921088
ISS + line search (low mem),32,2,4.52518550446257,0.384828928
multislice,32,4,2.6585286017507315,0.182453248
"ISS, parallel",32,4,2.136801090091467,0.358351872
"ISS, double scattering",32,4,5.224727001041174,0.490865152
"ISS, triple scattering",32,4,7.422149693593383,0.490865152
"ISS, quadruple scattering",32,4,8.649277803488076,0.490865152
"ISS, low memory (chunk 1)",32,4,3.5463789012283087,0.210895872
"ISS, low memory (chunk 4)",32,4,2.9452149057760835,0.551027712
ISS + line search,32,4,5.2577137015759945,0.36674048
ISS + line search (low mem),32,4,6.110553303733468,0.558367744
multislice,32,8,5.762243503704667,0.29989376
"ISS, parallel",32,8,3.749722708016634,0.713819136
"ISS, double scattering",32,8,10.151673993095756,1.03140608
"ISS, triple scattering",32,8,15.726291690953076,1.131161088
"ISS, quadruple scattering",32,8,20.452049002051353,1.156325376
"ISS, low memory (chunk 1)",32,8,6.718279398046434,0.239862784
"ISS, low memory (chunk 4)",32,8,5.570585699751973,0.570950656
ISS + line search,32,8,7.721849798690528,0.705430528
ISS + line search (low mem),32,8,9.86946290358901,0.619185152
multislice,32,16,12.695442500989884,0.622855168
"ISS, parallel",32,16,7.1052997023798525,1.424753664
"ISS, double scattering",32,16,20.107255200855434,2.112619008
"ISS, triple scattering",32,16,32.28896999498829,2.412533248
"ISS, quadruple scattering",32,16,43.63151129800826,2.639024128
"ISS, low memory (chunk 1)",32,16,13.061217998620123,0.313263104
"ISS, low memory (chunk 4)",32,16,10.760135995224118,0.610796544
ISS + line search,32,16,13.209169101901352,1.382810624
ISS + line search (low mem),32,16,17.428314697463065,0.692585472
multislice,32,32,30.364789604209363,1.293943808
"ISS, parallel",32,32,13.768095406703651,2.84662272
"ISS, double scattering",32,32,40.15375890303403,4.27478272
"ISS, triple scattering",32,32,65.67203910090029,4.975277568
"ISS, quadruple scattering",32,32,90.3904845006764,5.604421632
"ISS, low memory (chunk 1)",32,32,25.76279059285298,0.460063744
"ISS, low memory (chunk 4)",32,32,21.131186606362462,0.69048832
ISS + line search,32,32,24.264436296653003,2.737570816
ISS + line search (low mem),32,32,32.52433370798826,0.839386112
multislice,32,64,80.42762649711221,2.636121088
"ISS, parallel",32,64,28.390440496150404,5.690360832
"ISS, double scattering",32,64,84.11241660360247,8.598979072
"ISS, triple scattering",32,64,138.5670742020011,10.100766208
"ISS, quadruple scattering",32,64,192.1823055949062,11.53521664
"ISS, low memory (chunk 1)",32,64,51.19485780596733,0.753665024
"ISS, low memory (chunk 4)",32,64,42.009179398883134,0.942408704
ISS + line search,32,64,49.40137759549543,5.4470912
ISS + line search (low mem),32,64,62.89088110206649,1.287127552
multislice,64,1,1.314822502899915,0.188744704
"ISS, parallel",64,1,1.7248196993023157,0.197919744
"ISS, double scattering",64,1,1.7295417957939208,0.244843008
"ISS, triple scattering",64,1,1.7289126990363002,0.244843008
"ISS, quadruple scattering",64,1,1.752909692004323,0.244843008
"ISS, low memory (chunk 1)",64,1,2.359432599041611,0.3909888
"ISS, low memory (chunk 4)",64,1,2.358027605805546,0.3909888
ISS + line search,64,1,5.618752597365528,0.384043008
ISS + line search (low mem),64,1,6.518272601533681,0.66742016
multislice,64,2,2.78048999607563,0.24746496
"ISS, parallel",64,2,2.5121515966020525,0.359924736
"ISS, double scattering",64,2,4.974021797534078,0.460588032
"ISS, triple scattering",64,2,4.983961500693113,0.460588032
"ISS, quadruple scattering",64,2,4.970104806125164,0.460588032
"ISS, low memory (chunk 1)",64,2,3.922261600382626,0.401212416
"ISS, low memory (chunk 4)",64,2,3.4444555989466608,0.627835904
ISS + line search,64,2,6.702621595468372,0.443024896
ISS + line search (low mem),64,2,7.921814697328954,0.762316288
multislice,64,4,5.7623147033154964,0.364905472
"ISS, parallel",64,4,4.068537498824298,0.71277056
"ISS, double scattering",64,4,9.916817699559033,0.977404416
"ISS, triple scattering",64,4,14.11212650127709,0.977404416
"ISS, quadruple scattering",64,4,16.639598098117858,0.977404416
"ISS, low memory (chunk 1)",64,4,7.12779191089794,0.419562496
"ISS, low memory (chunk 4)",64,4,5.665899207815528,1.098384384
ISS + line search,64,4,9.17276960099116,0.729547776
ISS + line search (low mem),64,4,11.054180306382477,1.106772992
multislice,64,8,12.155693199019879,0.599786496
"ISS, parallel",64,8,7.113881804980338,1.42055936
"ISS, double scattering",64,8,19.550086301751435,2.054816256
"ISS, triple scattering",64,8,30.36586600355804,2.255243776
"ISS, quadruple scattering",64,8,39.547324599698186,2.305572352
"ISS, low memory (chunk 1)",64,8,13.501607498619705,0.472646656
"ISS, low memory (chunk 4)",64,8,10.632623103447258,1.135084544
ISS + line search,64,8,14.098990592174232,1.403782144
ISS + line search (low mem),64,8,18.190884101204574,1.226310656
multislice,64,16,26.876385789364576,1.245709312
"ISS, parallel",64,16,13.798888609744608,2.83613696
"ISS, double scattering",64,16,39.52125379582867,4.209771008
"ISS, triple scattering",64,16,63.73567010741681,4.81169664
"ISS, quadruple scattering",64,16,86.29369789268821,5.2646784
"ISS, low memory (chunk 1)",64,16,26.25994080444798,0.61315584
"ISS, low memory (chunk 4)",64,16,20.88441860396415,1.208484864
ISS + line search,64,16,25.045251799747348,2.75225088
ISS + line search (low mem),64,16,33.02216309821233,1.36681984
multislice,64,32,63.83266960037873,2.587886592
"ISS, parallel",64,32,27.398801606614143,5.66729216
"ISS, double scattering",64,32,80.7358382968232,8.519418368
"ISS, triple scattering",64,32,132.1314746979624,9.924602368
"ISS, quadruple scattering",64,32,182.11466750362888,11.182890496
"ISS, low memory (chunk 1)",64,32,51.91246009198949,0.894174208
"ISS, low memory (chunk 4)",64,32,41.06389639200643,1.355285504
ISS + line search,64,32,47.64062489848584,5.449188352
ISS + line search (low mem),64,32,61.704482103232294,1.647838208
multislice,64,64,167.722062591929,5.272241152
"ISS, parallel",64,64,56.38013259740546,11.32960256
"ISS, double scattering",64,64,167.61483879527077,17.138582016
"ISS, triple scattering",64,64,276.9488111953251,20.150413824
"ISS, quadruple scattering",64,64,384.3024104950018,23.019314688
"ISS, low memory (chunk 1)",64,64,103.75453649321571,1.456210944
"ISS, low memory (chunk 4)",64,64,81.53330109780654,1.833698304
ISS + line search,64,64,96.37360560009256,10.843063296
ISS + line search (low mem),64,64,119.14224500069395,2.52235008
